use_case,model_provider,model_name,requests,fail_rate,p95_latency,sla_breach_rate,avg_cost,expected_unit_cost,policy_mode
brainstorming,meta,llama-3.1-70b,82,0.12195121951219512,2355.1000000000004,0.08536585365853659,0.22131951219512194,5.52619756097561,relax_1
coding_assistant,mistral,mistral-large,169,0.3254437869822485,2313.2,0.07692307692307693,0.13842887573964496,13.540795739644972,fallback_unconstrained
content_writing,mistral,mistral-large,139,0.1223021582733813,1949.6999999999996,0.02877697841726619,0.13345553956834533,5.169426762589928,relax_1
customer_support,openai,gpt-4o-mini,273,0.2600732600732601,2198.999999999997,0.05128205128205128,0.021789743589743574,10.681130402930403,fallback_unconstrained
data_analysis,openai,gpt-4.1,142,0.31690140845070425,2575.099999999999,0.07746478873239436,0.426656338028169,13.49003661971831,fallback_unconstrained
internal_qa,openai,gpt-4o-mini,76,0.23684210526315788,2146.75,0.05263157894736842,0.02237421052631578,9.759216315789473,fallback_unconstrained
