policy,expected_cost,reviewed_rows,review_share,mean_reviews_per_day,p90_reviews_per_day,tn,fp,fn,tp,precision,recall
selected_threshold,2006.0,1003,0.9960278053624627,12.85897435897436,26.0,4,702,0,301,0.3000997008973081,1.0
review_all,2014.0,1007,1.0,12.91025641025641,26.0,0,706,0,301,0.29890764647467727,1.0
top_200_per_day,2014.0,1007,1.0,12.91025641025641,26.0,0,706,0,301,0.29890764647467727,1.0
review_none,12040.0,0,0.0,0.0,0.0,706,0,301,0,0.0,0.0
